{
  "_clientScript": [],
  "_serverScript": [],
  "actorGirlName": "asset/Actor/Yellow Fire Elemental Monster/Flame Elf.actor",
  "actorName": "asset/Actor/Yellow Fire Elemental Monster/Flame Elf.actor",
  "aiFixSpeedRate": 2,
  "attackNpc": false,
  "autoAttack": true,
  "autoMove": false,
  "autoRotateColliderBox": true,
  "avoidCliff": true,
  "avoidCliffHight": 5,
  "boundingScaleWithSize": true,
  "canClick": false,
  "canHurtMove": true,
  "canJump": true,
  "canMove": true,
  "canPickOnDie": false,
  "canTurnHead": false,
  "castRealShadowAtFirstPRV": false,
  "chaseDistance": 10,
  "chaseInterval": 10,
  "checkPartTouchEvent": true,
  "clickDistance": 4,
  "collider": {
    "extent": {
      "x": 0.6,
      "y": 1.8,
      "z": 0.6
    },
    "offset": {
      "x": 0,
      "y": 0,
      "z": 0
    },
    "rotation": {
      "x": 0,
      "y": 0,
      "z": 0
    },
    "type": "Box"
  },
  "collision": true,
  "damage": 0,
  "deathHideTime": 20,
  "destroyTime": 0,
  "disableShadow": true,
  "disableShadowAtFirstPRV": true,
  "dropDamageRatio": 0,
  "dropDamageStart": 1.5,
  "enableAI": true,
  "equipTrays": [],
  "eyeHeight": 1.62,
  "followEntityDistanceWhenHasTarget": 10,
  "followEntityDistanceWhenNotTarget": 5,
  "gravity": 0.08,
  "headPic": "",
  "hideHolder": false,
  "hideHp": 0,
  "hideName": true,
  "homeSize": 6,
  "hpBarColor": 4294967551,
  "hpBarHeight": 0.2,
  "hpBarWidth": 1,
  "hpFaceCamera": 0,
  "hurtResistantTime": 0,
  "isAIGoHomePos": true,
  "isPlayer": false,
  "jumpHeight": 0.6,
  "jumpSpeed": 0.5,
  "maxHp": 500,
  "maxVisualAngle": 360,
  "meetCliffBackRun": true,
  "moveAcc": 0.2,
  "moveFactor": 1,
  "moveSpeed": 0.1,
  "name": "b1f76d36-259b-4499-8548-31d901561eca",
  "needCheckTouch": true,
  "nextChaseInterval": 2,
  "randomPlayDeadActions": [
    ""
  ],
  "reachDistance": 6.5,
  "reviveTime": 1000,
  "setFollowWhenCreate": true,
  "skillInfoList": [
    {
      "__OBJ_TYPE": "AI_Skill",
      "attackDis": 4,
      "fullName": "myplugin/5504959b-b2e6-44ab-b2b9-46809825dbbf",
      "priority": 0
    }
  ],
  "skillInfos": [],
  "stepHeight": 0.6,
  "textHeight": 2.3,
  "touchdownTimeToDie": true,
  "touchdownTimeToDieTick": 5,
  "unassailable": 0,
  "undamageable": 0
}