{
  "area": [
    [
      0,
      0
    ],
    [
      0,
      0
    ],
    [
      0,
      0
    ],
    [
      0,
      0
    ]
  ],
  "area_number": 0,
  "backSwingTime": 0,
  "castAction": "",
  "castActionTime": -1,
  "cdMaskConfig": {
    "AntiClockwise": false,
    "FillPosition": "",
    "FillType": "Horizontal",
    "horizontalAlignment": 1,
    "verticalAlignment": 1
  },
  "cdTime": 0,
  "chargeCdMaskConfig": {
    "AntiClockwise": false,
    "FillPosition": "",
    "FillType": "Horizontal",
    "horizontalAlignment": 1,
    "verticalAlignment": 1
  },
  "chargeCdTime": 0,
  "chargeEnableCdMask": false,
  "chargeIsShowCdPoint": false,
  "chargeTimes": 2,
  "consumeItem": [
    {
      "consumeName": "myplugin/1c09bc90-9e9b-454d-a46d-a4233304842e",
      "count": 1
    }
  ],
  "consumeVp": 1,
  "customizeSkill": true,
  "damage": 10,
  "dmgFactor": 0,
  "draggingEnabled": false,
  "enable_pre": false,
  "enable_rear": false,
  "enableCdMask": false,
  "enableCdTip": false,
  "enableChargeTime": false,
  "enableMoveBrkBackS": false,
  "enableMoveBrkPreS": false,
  "frontSight": "",
  "horizontalAlignment": 1,
  "hurtDistance": 0.1,
  "ignoreCastSkillBackS": false,
  "ignoreCastSkillPreS": true,
  "ignoreJumpBackS": false,
  "ignoreJumpPreS": false,
  "ignoreMoveBackS": false,
  "ignoreMovePreS": false,
  "isClick": true,
  "isShowCdPoint": false,
  "isTouch": false,
  "preSwingTime": 0,
  "range": 4,
  "sensitivityFactor": 1,
  "startAction": "",
  "startActionTime": 0,
  "sustainAction": "",
  "type": "MeleeAttack"
}