{"viewport_height":662,"camera_move_speed":0.3,"part_place_settings":[{"__OBJ_TYPE":"PART_PLACE_SETTING","color":{"a":255,"r":255,"b":255,"g":255,"__OBJ_TYPE":"Color"},"texture":"part_suliao.tga","key":"cube"},{"__OBJ_TYPE":"PART_PLACE_SETTING","color":{"a":255,"r":255,"b":255,"g":255,"__OBJ_TYPE":"Color"},"texture":"part_suliao.tga","key":"sphere"},{"__OBJ_TYPE":"PART_PLACE_SETTING","color":{"a":255,"r":255,"b":255,"g":255,"__OBJ_TYPE":"Color"},"texture":"part_suliao.tga","key":"cylinder"},{"__OBJ_TYPE":"PART_PLACE_SETTING","color":{"a":255,"r":255,"b":255,"g":255,"__OBJ_TYPE":"Color"},"texture":"part_suliao.tga","key":"cone"}],"viewport_width":1178,"map_pos":{"map001":{"y":68,"x":30,"z":30}}}